Yield (Pounds/ Harvested Area),COTTON YIELD (Kg per ha),Cotton_Price[Dollar/ton]
0.0,0,0.0
0.0,0,0.0
0.0,0,0.0
0.0,0,0.0
0.0,0,0.0
0.0,0,0.0
0.0,0,0.0
0.0,0,0.0
0.0,0,0.0
0.0,0,0.0
0.0,0,0.0
0.0,0,0.0
0.0,0,0.0
0.0,0,0.0
0.0,0,0.0
0.0,0,0.0
0.0,0,0.0
0.0,0,0.0
0.0,0,0.0
0.0,0,0.0
0.0,0,0.0
0.0,0,0.0
0.0,0,0.0
0.0,0,0.0
0.0,0,0.0
0.0,0,0.0
0.0,0,0.0
0.0,0,0.0
0.0,0,0.0
0.0,0,0.0
0.0,0,0.0
0.0,0,0.0
0.0,0,0.0
0.0,0,0.0
0.0,0,0.0
0.0,0,0.0
0.0,0,0.0
0.0,0,0.0
0.0,0,0.0
0.0,0,0.0
0.0,0,0.0
0.0,0,0.0
0.0,0,0.0
0.0,0,0.0
0.0,0,0.0
0.0,0,0.0
0.0,0,0.0
0.0,0,0.0
0.0,0,0.0
0.0,0,0.0
0.0,0,0.0
0.0,0,0.0
0.0,0,0.0
0.0,0,0.0
0.0,0,0.0
0.0,0,0.0
0.0,0,0.0
0.0,0,0.0
0.0,0,0.0
0.0,0,0.0
0.0,0,0.0
0.0,0,0.0
0.0,0,0.0
0.0,0,0.0
0.0,0,0.0
0.0,0,0.0
0.0,0,0.0
0.0,0,0.0
0.0,0,0.0
0.0,0,0.0
0.0,0,0.0
0.0,0,0.0
0.0,0,0.0
0.0,0,0.0
0.0,0,0.0
0.0,0,0.0
0.0,0,0.0
0.0,0,0.0
0.0,0,0.0
0.0,0,0.0
0.0,0,0.0
0.0,0,0.0
0.0,0,0.0
0.0,0,0.0
0.0,0,0.0
0.0,0,0.0
0.0,0,0.0
0.0,0,0.0
0.0,0,0.0
0.0,0,0.0
0.0,0,0.0
0.0,0,0.0
0.0,0,0.0
0.0,0,0.0
0.0,0,0.0
0.0,0,0.0
0.0,0,0.0
0.0,0,0.0
0.0,0,0.0
0.0,0,0.0
0.0,0,0.0
0.0,0,0.0
0.0,0,0.0
0.0,0,0.0
0.0,0,0.0
0.0,0,0.0
0.0,0,0.0
0.0,0,0.0
0.0,0,0.0
0.0,0,0.0
0.0,0,0.0
0.0,0,0.0
0.0,0,0.0
0.0,0,0.0
0.0,0,0.0
0.0,0,0.0
0.0,0,0.0
0.0,0,0.0
0.0,0,0.0
0.0,0,0.0
0.0,0,0.0
0.0,0,0.0
0.0,0,0.0
0.0,0,0.0
0.0,0,0.0
0.0,0,0.0
0.0,0,0.0
0.0,0,0.0
0.0,0,0.0
0.0,0,0.0
0.0,0,0.0
0.0,0,0.0
0.0,0,0.0
0.0,0,0.0
0.0,0,0.0
0.0,0,0.0
0.0,0,0.0
0.0,0,0.0
0.0,0,0.0
0.0,0,0.0
0.0,0,0.0
0.0,0,0.0
0.0,0,0.0
0.0,0,0.0
0.0,0,0.0
0.0,0,0.0
0.0,0,0.0
0.0,0,0.0
0.0,0,0.0
0.0,0,0.0
0.0,0,0.0
0.0,0,0.0
0.0,0,0.0
0.0,0,0.0
0.0,0,0.0
0.0,0,0.0
0.0,0,0.0
0.0,0,0.0
0.0,0,0.0
0.0,0,0.0
0.0,0,0.0
0.0,0,0.0
0.0,0,0.0
0.0,0,0.0
0.0,0,0.0
0.0,0,0.0
0.0,0,0.0
0.0,0,0.0
0.0,0,0.0
0.0,0,0.0
0.0,0,0.0
0.0,0,0.0
0.0,0,0.0
0.0,0,0.0
0.0,0,0.0
0.0,0,0.0
0.0,0,0.0
0.0,0,0.0
0.0,0,0.0
0.0,0,0.0
0.0,0,0.0
0.0,0,0.0
0.0,0,0.0
0.0,0,0.0
0.0,0,0.0
0.0,0,0.0
0.0,0,0.0
0.0,0,0.0
0.0,0,0.0
0.0,0,0.0
0.0,0,0.0
0.0,0,0.0
0.0,0,0.0
0.0,0,0.0
0.0,0,0.0
0.0,0,0.0
0.0,0,0.0
0.0,0,0.0
0.0,0,0.0
0.0,0,0.0
0.0,0,0.0
0.0,0,0.0
0.0,0,0.0
0.0,0,0.0
0.0,0,0.0
0.0,0,0.0
0.0,0,0.0
0.0,0,0.0
0.0,0,0.0
0.0,0,0.0
0.0,0,0.0
0.0,0,0.0
0.0,0,0.0
0.0,0,0.0
0.0,0,0.0
0.0,0,0.0
0.0,0,0.0
0.0,0,0.0
0.0,0,0.0
0.0,0,0.0
0.0,0,0.0
0.0,0,0.0
0.0,0,0.0
0.0,0,0.0
0.0,0,0.0
0.0,0,0.0
0.0,0,0.0
0.0,0,0.0
0.0,0,0.0
0.0,0,0.0
0.0,0,0.0
0.0,0,0.0
0.0,0,0.0
0.0,0,0.0
0.0,0,0.0
0.0,0,0.0
0.0,0,0.0
0.0,0,0.0
0.0,0,0.0
0.0,0,0.0
0.0,0,0.0
0.0,0,0.0
0.0,0,0.0
0.0,0,0.0
0.0,0,0.0
0.0,0,0.0
0.0,0,0.0
0.0,0,0.0
0.0,0,0.0
0.0,0,0.0
0.0,0,0.0
0.0,0,0.0
0.0,0,0.0
0.0,0,0.0
0.0,0,0.0
0.0,0,0.0
0.0,0,0.0
0.0,0,0.0
0.0,0,0.0
0.0,0,0.0
0.0,0,0.0
0.0,0,0.0
0.0,0,0.0
0.0,0,0.0
0.0,0,0.0
0.0,0,0.0
0.0,0,0.0
0.0,0,0.0
0.0,0,0.0
0.0,0,0.0
0.0,0,0.0
0.0,0,0.0
0.0,0,0.0
0.0,0,0.0
0.0,0,0.0
0.0,0,0.0
0.0,0,0.0
0.0,0,0.0
0.0,0,0.0
0.0,0,0.0
0.0,0,0.0
0.0,0,0.0
0.0,0,0.0
0.0,0,0.0
0.0,0,0.0
0.0,0,0.0
0.0,0,0.0
0.0,0,0.0
0.0,0,0.0
0.0,0,0.0
0.0,0,0.0
0.0,0,0.0
0.0,0,0.0
0.0,0,0.0
0.0,0,0.0
0.0,0,0.0
0.0,0,0.0
0.0,0,0.0
0.0,0,0.0
0.0,0,0.0
0.0,0,0.0
0.0,0,0.0
0.0,0,0.0
0.0,0,0.0
0.0,0,0.0
0.0,0,0.0
0.0,0,0.0
0.0,0,0.0
0.0,0,0.0
0.0,0,0.0
0.0,0,0.0
0.0,0,0.0
0.0,0,0.0
0.0,0,0.0
0.0,0,0.0
0.0,0,0.0
0.0,0,0.0
0.0,0,0.0
0.0,0,0.0
0.0,0,0.0
0.0,0,0.0
0.0,0,0.0
0.0,0,0.0
0.0,0,0.0
0.0,0,0.0
0.0,0,0.0
0.0,0,0.0
0.0,0,0.0
0.0,0,0.0
0.0,0,0.0
0.0,0,0.0
0.0,0,0.0
0.0,0,0.0
0.0,0,0.0
0.0,0,0.0
0.0,0,0.0
0.0,0,0.0
0.0,0,0.0
0.0,0,0.0
0.0,0,0.0
0.0,0,0.0
0.0,0,0.0
0.0,0,0.0
0.0,0,0.0
0.0,0,0.0
0.0,0,0.0
0.0,0,0.0
0.0,0,0.0
0.0,0,0.0
0.0,0,0.0
0.0,0,0.0
0.0,0,0.0
0.0,0,0.0
0.0,0,0.0
0.0,0,0.0
0.0,0,0.0
0.0,0,0.0
0.0,0,0.0
0.0,0,0.0
0.0,0,0.0
0.0,0,0.0
0.0,0,0.0
0.0,0,0.0
0.0,0,0.0
0.0,0,0.0
0.0,0,0.0
0.0,0,0.0
0.0,0,0.0
0.0,0,0.0
0.0,0,0.0
0.0,0,0.0
0.0,0,0.0
0.0,0,0.0
0.0,0,0.0
0.0,0,0.0
0.0,0,0.0
0.0,0,0.0
0.0,0,0.0
0.0,0,0.0
0.0,0,0.0
0.0,0,0.0
0.0,0,0.0
0.0,0,0.0
0.0,0,0.0
0.0,0,0.0
0.0,0,0.0
0.0,0,0.0
0.0,0,0.0
0.0,0,0.0
0.0,0,0.0
0.0,0,0.0
0.0,0,0.0
0.0,0,0.0
0.0,0,0.0
0.0,0,0.0
0.0,0,0.0
0.0,0,0.0
0.0,0,0.0
0.0,0,0.0
0.0,0,0.0
0.0,0,0.0
0.0,0,0.0
0.0,0,0.0
0.0,0,0.0
0.0,0,0.0
0.0,0,0.0
0.0,0,0.0
0.0,0,0.0
0.0,0,0.0
0.0,0,0.0
0.0,0,0.0
0.0,0,0.0
0.0,0,0.0
0.0,0,0.0
0.0,0,0.0
0.0,0,0.0
0.0,0,0.0
0.0,0,0.0
0.0,0,0.0
0.0,0,0.0
0.0,0,0.0
0.0,0,0.0
0.0,0,0.0
0.0,0,0.0
0.0,0,0.0
0.0,0,0.0
0.0,0,0.0
0.0,0,0.0
0.0,0,0.0
0.0,0,0.0
0.0,0,0.0
0.0,0,0.0
0.0,0,0.0
0.0,0,0.0
0.0,0,0.0
0.0,0,0.0
0.0,0,0.0
0.0,0,0.0
0.0,0,0.0
0.0,0,0.0
0.0,0,0.0
0.0,0,0.0
0.0,0,0.0
0.0,0,0.0
0.0,0,0.0
0.0,0,0.0
0.0,0,0.0
0.0,0,0.0
0.0,0,0.0
0.0,0,0.0
0.0,0,0.0
0.0,0,0.0
0.0,0,0.0
0.0,0,0.0
0.0,0,0.0
0.0,0,0.0
0.0,0,0.0
0.0,0,0.0
0.0,0,0.0
0.0,0,0.0
0.0,0,0.0
0.0,0,0.0
0.0,0,0.0
0.0,0,0.0
0.0,0,0.0
0.0,0,0.0
0.0,0,0.0
0.0,0,0.0
0.0,0,0.0
0.0,0,0.0
0.0,0,0.0
0.0,0,0.0
0.0,0,0.0
0.0,0,0.0
0.0,0,0.0
0.0,0,0.0
0.0,0,0.0
0.0,0,0.0
0.0,0,0.0
0.0,0,0.0
0.0,0,0.0
0.0,0,0.0
0.0,0,0.0
0.0,0,0.0
0.0,0,0.0
0.0,0,0.0
0.0,0,0.0
0.0,0,0.0
0.0,0,0.0
0.0,0,0.0
0.0,0,0.0
0.0,0,0.0
0.0,0,0.0
0.0,0,0.0
0.0,0,0.0
0.0,0,0.0
0.0,0,0.0
0.0,0,0.0
0.0,0,0.0
0.0,0,0.0
0.0,0,0.0
0.0,0,0.0
0.0,0,0.0
0.0,0,0.0
0.0,0,0.0
0.0,0,0.0
0.0,0,0.0
0.0,0,0.0
0.0,0,0.0
0.0,0,0.0
0.0,0,0.0
0.0,0,0.0
0.0,0,0.0
0.0,0,0.0
0.0,0,0.0
0.0,0,0.0
0.0,0,0.0
0.0,0,0.0
0.0,0,0.0
0.0,0,0.0
0.0,0,0.0
0.0,0,0.0
0.0,0,0.0
0.0,0,0.0
0.0,0,0.0
0.0,0,0.0
0.0,0,0.0
0.0,0,0.0
0.0,0,0.0
0.0,0,0.0
0.0,0,0.0
0.0,0,0.0
0.0,0,0.0
0.0,0,0.0
0.0,0,0.0
0.0,0,0.0
0.0,0,0.0
0.0,0,0.0
0.0,0,0.0
0.0,0,0.0
0.0,0,0.0
0.0,0,0.0
0.0,0,0.0
0.0,0,0.0
0.0,0,0.0
0.0,0,0.0
0.0,0,0.0
0.0,0,0.0
0.0,0,0.0
0.0,0,0.0
0.0,0,0.0
0.0,0,0.0
0.0,0,0.0
0.0,0,0.0
0.0,0,0.0
0.0,0,0.0
0.0,0,0.0
0.0,0,0.0
0.0,0,0.0
0.0,0,0.0
0.0,0,0.0
0.0,0,0.0
0.0,0,0.0
0.0,0,0.0
0.0,0,0.0
0.0,0,0.0
0.0,0,0.0
0.0,0,0.0
0.0,0,0.0
0.0,0,0.0
0.0,0,0.0
0.0,0,0.0
0.0,0,0.0
0.0,0,0.0
0.0,0,0.0
0.0,0,0.0
0.0,0,0.0
0.0,0,0.0
0.0,0,0.0
0.0,0,0.0
0.0,0,0.0
0.0,0,0.0
0.0,0,0.0
0.0,0,0.0
0.0,0,0.0
0.0,0,0.0
0.0,0,0.0
0.0,0,0.0
0.0,0,0.0
0.0,0,0.0
0.0,0,0.0
0.0,0,0.0
0.0,0,0.0
0.0,0,0.0
0.0,0,0.0
0.0,0,0.0
0.0,0,0.0
0.0,0,0.0
0.0,0,0.0
0.0,0,0.0
0.0,0,0.0
0.0,0,0.0
0.0,0,0.0
0.0,0,0.0
0.0,0,0.0
0.0,0,0.0
0.0,0,0.0
0.0,0,0.0
0.0,0,0.0
0.0,0,0.0
0.0,0,0.0
0.0,0,0.0
0.0,0,0.0
0.0,0,0.0
0.0,0,0.0
0.0,0,0.0
0.0,0,0.0
0.0,0,0.0
0.0,0,0.0
0.0,0,0.0
0.0,0,0.0
0.0,0,0.0
0.0,0,0.0
0.0,0,0.0
0.0,0,0.0
0.0,0,0.0
0.0,0,0.0
0.0,0,0.0
0.0,0,0.0
0.0,0,0.0
0.0,0,0.0
0.0,0,0.0
0.0,0,0.0
0.0,0,0.0
0.0,0,0.0
0.0,0,0.0
0.0,0,0.0
0.0,0,0.0
0.0,0,0.0
0.0,0,0.0
0.0,0,0.0
0.0,0,0.0
0.0,0,0.0
0.0,0,0.0
0.0,0,0.0
0.0,0,0.0
0.0,0,0.0
0.0,0,0.0
0.0,0,0.0
0.0,0,0.0
0.0,0,0.0
0.0,0,0.0
0.0,0,0.0
0.0,0,0.0
0.0,0,0.0
0.0,0,0.0
0.0,0,0.0
0.0,0,0.0
0.0,0,0.0
0.0,0,0.0
0.0,0,0.0
0.0,0,0.0
0.0,0,0.0
0.0,0,0.0
0.0,0,0.0
0.0,0,0.0
0.0,0,0.0
0.0,0,0.0
0.0,0,0.0
0.0,0,0.0
0.0,0,0.0
0.0,0,0.0
0.0,0,0.0
0.0,0,0.0
0.0,0,0.0
0.0,0,0.0
0.0,0,0.0
0.0,0,0.0
0.0,0,0.0
0.0,0,0.0
0.0,0,0.0
0.0,0,0.0
0.0,0,0.0
0.0,0,0.0
0.0,0,0.0
0.0,0,0.0
0.0,0,0.0
0.0,0,0.0
0.0,0,0.0
0.0,0,0.0
0.0,0,0.0
0.0,0,0.0
0.0,0,0.0
0.0,0,0.0
0.0,0,0.0
0.0,0,0.0
0.0,0,0.0
0.0,0,0.0
0.0,0,0.0
0.0,0,0.0
0.0,0,0.0
0.0,0,0.0
0.0,0,0.0
0.0,0,0.0
0.0,0,0.0
0.0,0,0.0
0.0,0,0.0
0.0,0,0.0
0.0,0,0.0
0.0,0,0.0
0.0,0,0.0
0.0,0,0.0
0.0,0,0.0
0.0,0,0.0
0.0,0,0.0
0.0,0,0.0
0.0,0,0.0
0.0,0,0.0
0.0,0,0.0
0.0,0,0.0
0.0,0,0.0
0.0,0,0.0
0.0,0,0.0
0.0,0,0.0
0.0,0,0.0
0.0,0,0.0
0.0,0,0.0
0.0,0,0.0
0.0,0,0.0
0.0,0,0.0
0.0,0,0.0
0.0,0,0.0
0.0,0,0.0
0.0,0,0.0
0.0,0,0.0
0.0,0,0.0
0.0,0,0.0
0.0,0,0.0
0.0,0,0.0
0.0,0,0.0
0.0,0,0.0
0.0,0,0.0
0.0,0,0.0
0.0,0,0.0
0.0,0,0.0
0.0,0,0.0
0.0,0,0.0
0.0,0,0.0
0.0,0,0.0
0.0,0,0.0
0.0,0,0.0
0.0,0,0.0
0.0,0,0.0
0.0,0,0.0
0.0,0,0.0
0.0,0,0.0
0.0,0,0.0
0.0,0,0.0
0.0,0,0.0
0.0,0,0.0
0.0,0,0.0
0.0,0,0.0
0.0,0,0.0
0.0,0,0.0
0.0,0,0.0
0.0,0,0.0
0.0,0,0.0
0.0,0,0.0
0.0,0,0.0
0.0,0,0.0
0.0,0,0.0
0.0,0,0.0
0.0,0,0.0
0.0,0,0.0
0.0,0,0.0
0.0,0,0.0
0.0,0,0.0
0.0,0,0.0
0.0,0,0.0
0.0,0,0.0
0.0,0,0.0
0.0,0,0.0
0.0,0,0.0
0.0,0,0.0
0.0,0,0.0
0.0,0,0.0
0.0,0,0.0
0.0,0,0.0
0.0,0,0.0
0.0,0,0.0
0.0,0,0.0
0.0,0,0.0
0.0,0,0.0
0.0,0,0.0
0.0,0,0.0
0.0,0,0.0
0.0,0,0.0
0.0,0,0.0
0.0,0,0.0
0.0,0,0.0
0.0,0,0.0
0.0,0,0.0
0.0,0,0.0
0.0,0,0.0
0.0,0,0.0
0.0,0,0.0
0.0,0,0.0
0.0,0,0.0
0.0,0,0.0
0.0,0,0.0
0.0,0,0.0
0.0,0,0.0
0.0,0,0.0
0.0,0,0.0
0.0,0,0.0
0.0,0,0.0
0.0,0,0.0
0.0,0,0.0
0.0,0,0.0
0.0,0,0.0
0.0,0,0.0
0.0,0,0.0
0.0,0,0.0
0.0,0,0.0
0.0,0,0.0
0.0,0,0.0
0.0,0,0.0
0.0,0,0.0
0.0,0,0.0
0.0,0,0.0
0.0,0,0.0
0.0,0,0.0
0.0,0,0.0
0.0,0,0.0
0.0,0,0.0
0.0,0,0.0
0.0,0,0.0
0.0,0,0.0
0.0,0,0.0
0.0,0,0.0
0.0,0,0.0
0.0,0,0.0
0.0,0,0.0
0.0,0,0.0
0.0,0,0.0
0.0,0,0.0
0.0,0,0.0
0.0,0,0.0
0.0,0,0.0
0.0,0,0.0
0.0,0,0.0
0.0,0,0.0
0.0,0,0.0
0.0,0,0.0
0.0,0,0.0
0.0,0,0.0
0.0,0,0.0
0.0,0,0.0
0.0,0,0.0
0.0,0,0.0
0.0,0,0.0
0.0,0,0.0
0.0,0,0.0
0.0,0,0.0
0.0,0,0.0
0.0,0,0.0
0.0,0,0.0
0.0,0,0.0
0.0,0,0.0
0.0,0,0.0
0.0,0,0.0
0.0,0,0.0
0.0,0,0.0
0.0,0,0.0
0.0,0,0.0
0.0,0,0.0
0.0,0,0.0
0.0,0,0.0
0.0,0,0.0
0.0,0,0.0
0.0,0,0.0
0.0,0,0.0
0.0,0,0.0
0.0,0,0.0
0.0,0,0.0
0.0,0,0.0
0.0,0,0.0
0.0,0,0.0
0.0,0,0.0
0.0,0,0.0
0.0,0,0.0
0.0,0,0.0
0.0,0,0.0
0.0,0,0.0
0.0,0,0.0
0.0,0,0.0
0.0,0,0.0
0.0,0,0.0
0.0,0,0.0
0.0,0,0.0
0.0,0,0.0
0.0,0,0.0
0.0,0,0.0
0.0,0,0.0
0.0,0,0.0
0.0,0,0.0
0.0,0,0.0
0.0,0,0.0
0.0,0,0.0
0.0,0,0.0
0.0,0,0.0
0.0,0,0.0
0.0,0,0.0
0.0,0,0.0
0.0,0,0.0
0.0,0,0.0
0.0,0,0.0
0.0,0,0.0
0.0,0,0.0
0.0,0,0.0
0.0,0,0.0
0.0,0,0.0
0.0,0,0.0
0.0,0,0.0
0.0,0,0.0
0.0,0,0.0
0.0,0,0.0
0.0,0,0.0
0.0,0,0.0
0.0,0,0.0
0.0,0,0.0
0.0,0,0.0
0.0,0,0.0
0.0,0,0.0
0.0,0,0.0
0.0,0,0.0
0.0,0,0.0
0.0,0,0.0
0.0,0,0.0
0.0,0,0.0
0.0,0,0.0
0.0,0,0.0
0.0,0,0.0
0.0,0,0.0
0.0,0,0.0
0.0,0,0.0
0.0,0,0.0
0.0,0,0.0
0.0,0,0.0
0.0,0,0.0
0.0,0,0.0
0.0,0,0.0
0.0,0,0.0
0.0,0,0.0
0.0,0,0.0
0.0,0,0.0
0.0,0,0.0
0.0,0,0.0
0.0,0,0.0
0.0,0,0.0
0.0,0,0.0
0.0,0,0.0
0.0,0,0.0
0.0,0,0.0
0.0,0,0.0
0.0,0,0.0
0.0,0,0.0
0.0,0,0.0
0.0,0,0.0
0.0,0,0.0
0.0,0,0.0
0.0,0,0.0
0.0,0,0.0
0.0,0,0.0
0.0,0,0.0
0.0,0,0.0
0.0,0,0.0
0.0,0,0.0
0.0,0,0.0
0.0,0,0.0
0.0,0,0.0
0.0,0,0.0
0.0,0,0.0
0.0,0,0.0
0.0,0,0.0
0.0,0,0.0
0.0,0,0.0
0.0,0,0.0
0.0,0,0.0
0.0,0,0.0
0.0,0,0.0
0.0,0,0.0
0.0,0,0.0
0.0,0,0.0
0.0,0,0.0
0.0,0,0.0
0.0,0,0.0
0.0,0,0.0
0.0,0,0.0
0.0,0,0.0
0.0,0,0.0
0.0,0,0.0
0.0,0,0.0
0.0,0,0.0
0.0,0,0.0
0.0,0,0.0
0.0,0,0.0
0.0,0,0.0
0.0,0,0.0
0.0,0,0.0
0.0,0,0.0
0.0,0,0.0
0.0,0,0.0
0.0,0,0.0
0.0,0,0.0
0.0,0,0.0
0.0,0,0.0
0.0,0,0.0
0.0,0,0.0
0.0,0,0.0
0.0,0,0.0
0.0,0,0.0
0.0,0,0.0
0.0,0,0.0
0.0,0,0.0
0.0,0,0.0
0.0,0,0.0
0.0,0,0.0
0.0,0,0.0
0.0,0,0.0
0.0,0,0.0
0.0,0,0.0
0.0,0,0.0
0.0,0,0.0
0.0,0,0.0
0.0,0,0.0
0.0,0,0.0
0.0,0,0.0
0.0,0,0.0
0.0,0,0.0
0.0,0,0.0
0.0,0,0.0
0.0,0,0.0
0.0,0,0.0
0.0,0,0.0
0.0,0,0.0
0.0,0,0.0
0.0,0,0.0
0.0,0,0.0
0.0,0,0.0
0.0,0,0.0
0.0,0,0.0
0.0,0,0.0
0.0,0,0.0
0.0,0,0.0
0.0,0,0.0
0.0,0,0.0
0.0,0,0.0
0.0,0,0.0
0.0,0,0.0
0.0,0,0.0
0.0,0,0.0
0.0,0,0.0
0.0,0,0.0
0.0,0,0.0
0.0,0,0.0
0.0,0,0.0
0.0,0,0.0
0.0,0,0.0
0.0,0,0.0
0.0,0,0.0
0.0,0,0.0
0.0,0,0.0
0.0,0,0.0
0.0,0,0.0
0.0,0,0.0
0.0,0,0.0
0.0,0,0.0
0.0,0,0.0
0.0,0,0.0
0.0,0,0.0
0.0,0,0.0
0.0,0,0.0
0.0,0,0.0
0.0,0,0.0
0.0,0,0.0
0.0,0,0.0
0.0,0,0.0
0.0,0,0.0
0.0,0,0.0
0.0,0,0.0
0.0,0,0.0
0.0,0,0.0
0.0,0,0.0
0.0,0,0.0
0.0,0,0.0
0.0,0,0.0
0.0,0,0.0
0.0,0,0.0
0.0,0,0.0
0.0,0,0.0
0.0,0,0.0
0.0,0,0.0
0.0,0,0.0
0.0,0,0.0
0.0,0,0.0
0.0,0,0.0
0.0,0,0.0
0.0,0,0.0
0.0,0,0.0
0.0,0,0.0
0.0,0,0.0
0.0,0,0.0
0.0,0,0.0
0.0,0,0.0
0.0,0,0.0
0.0,0,0.0
0.0,0,0.0
0.0,0,0.0
0.0,0,0.0
0.0,0,0.0
0.0,0,0.0
0.0,0,0.0
0.0,0,0.0
0.0,0,0.0
0.0,0,0.0
0.0,0,0.0
0.0,0,0.0
0.0,0,0.0
0.0,0,0.0
0.0,0,0.0
0.0,0,0.0
0.0,0,0.0
0.0,0,0.0
0.0,0,0.0
0.0,0,0.0
0.0,0,0.0
0.0,0,0.0
0.0,0,0.0
0.0,0,0.0
0.0,0,0.0
0.0,0,0.0
0.0,0,0.0
0.0,0,0.0
0.0,0,0.0
0.0,0,0.0
0.0,0,0.0
0.0,0,0.0
0.0,0,0.0
0.0,0,0.0
0.0,0,0.0
0.0,0,0.0
0.0,0,0.0
0.0,0,0.0
0.0,0,0.0
0.0,0,0.0
0.0,0,0.0
0.0,0,0.0
0.0,0,0.0
0.0,0,0.0
0.0,0,0.0
0.0,0,0.0
0.0,0,0.0
0.0,0,0.0
0.0,0,0.0
0.0,0,0.0
0.0,0,0.0
0.0,0,0.0
0.0,0,0.0
0.0,0,0.0
0.0,0,0.0
0.0,0,0.0
0.0,0,0.0
0.0,0,0.0
0.0,0,0.0
0.0,0,0.0
0.0,0,0.0
0.0,0,0.0
0.0,0,0.0
0.0,0,0.0
0.0,0,0.0
0.0,0,0.0
0.0,0,0.0
0.0,0,0.0
0.0,0,0.0
0.0,0,0.0
0.0,0,0.0
0.0,0,0.0
0.0,0,0.0
0.0,0,0.0
0.0,0,0.0
0.0,0,0.0
0.0,0,0.0
0.0,0,0.0
0.0,0,0.0
0.0,0,0.0
0.0,0,0.0
0.0,0,0.0
0.0,0,0.0
0.0,0,0.0
0.0,0,0.0
0.0,0,0.0
0.0,0,0.0
0.0,0,0.0
0.0,0,0.0
0.0,0,0.0
0.0,0,0.0
0.0,0,0.0
0.0,0,0.0
0.0,0,0.0
0.0,0,0.0
0.0,0,0.0
0.0,0,0.0
0.0,0,0.0
0.0,0,0.0
0.0,0,0.0
0.0,0,0.0
0.0,0,0.0
0.0,0,0.0
0.0,0,0.0
0.0,0,0.0
0.0,0,0.0
0.0,0,0.0
0.0,0,0.0
0.0,0,0.0
0.0,0,0.0
0.0,0,0.0
0.0,0,0.0
0.0,0,0.0
0.0,0,0.0
0.0,0,0.0
0.0,0,0.0
0.0,0,0.0
0.0,0,0.0
0.0,0,0.0
0.0,0,0.0
0.0,0,0.0
0.0,0,0.0
0.0,0,0.0
0.0,0,0.0
0.0,0,0.0
0.0,0,0.0
0.0,0,0.0
0.0,0,0.0
0.0,0,0.0
0.0,0,0.0
0.0,0,0.0
0.0,0,0.0
0.0,0,0.0
0.0,0,0.0
0.0,0,0.0
0.0,0,0.0
0.0,0,0.0
0.0,0,0.0
0.0,0,0.0
0.0,0,0.0
0.0,0,0.0
0.0,0,0.0
0.0,0,0.0
0.0,0,0.0
0.0,0,0.0
0.0,0,0.0
0.0,0,0.0
0.0,0,0.0
0.0,0,0.0
0.0,0,0.0
0.0,0,0.0
0.0,0,0.0
0.0,0,0.0
0.0,0,0.0
0.0,0,0.0
0.0,0,0.0
0.0,0,0.0
0.0,0,0.0
0.0,0,0.0
0.0,0,0.0
0.0,0,0.0
0.0,0,0.0
0.0,0,0.0
0.0,0,0.0
0.0,0,0.0
0.0,0,0.0
0.0,0,0.0
0.0,0,0.0
0.0,0,0.0
0.0,0,0.0
0.0,0,0.0
0.0,0,0.0
0.0,0,0.0
0.0,0,0.0
0.0,0,0.0
0.0,0,0.0
0.0,0,0.0
0.0,0,0.0
0.0,0,0.0
0.0,0,0.0
0.0,0,0.0
0.0,0,0.0
0.0,0,0.0
0.0,0,0.0
0.0,0,0.0
0.0,0,0.0
0.0,0,0.0
0.0,0,0.0
0.0,0,0.0
0.0,0,0.0
0.0,0,0.0
0.0,0,0.0
0.0,0,0.0
0.0,0,0.0
0.0,0,0.0
0.0,0,0.0
0.0,0,0.0
0.0,0,0.0
0.0,0,0.0
0.0,0,0.0
0.0,0,0.0
0.0,0,0.0
0.0,0,0.0
0.0,0,0.0
0.0,0,0.0
0.0,0,0.0
0.0,0,0.0
0.0,0,0.0
0.0,0,0.0
0.0,0,0.0
0.0,0,0.0
0.0,0,0.0
0.0,0,0.0
0.0,0,0.0
0.0,0,0.0
0.0,0,0.0
0.0,0,0.0
0.0,0,0.0
0.0,0,0.0
0.0,0,0.0
0.0,0,0.0
0.0,0,0.0
0.0,0,0.0
0.0,0,0.0
0.0,0,0.0
0.0,0,0.0
0.0,0,0.0
0.0,0,0.0
0.0,0,0.0
0.0,0,0.0
0.0,0,0.0
0.0,0,0.0
0.0,0,0.0
0.0,0,0.0
0.0,0,0.0
0.0,0,0.0
0.0,0,0.0
0.0,0,0.0
0.0,0,0.0
0.0,0,0.0
0.0,0,0.0
0.0,0,0.0
0.0,0,0.0
0.0,0,0.0
0.0,0,0.0
0.0,0,0.0
0.0,0,0.0
0.0,0,0.0
0.0,0,0.0
0.0,0,0.0
0.0,0,0.0
0.0,0,0.0
0.0,0,0.0
0.0,0,0.0
0.0,0,0.0
0.0,0,0.0
0.0,0,0.0
0.0,0,0.0
0.0,0,0.0
0.0,0,0.0
0.0,0,0.0
0.0,0,0.0
0.0,0,0.0
0.0,0,0.0
0.0,0,0.0
0.0,0,0.0
0.0,0,0.0
0.0,0,0.0
0.0,0,0.0
0.0,0,0.0
0.0,0,0.0
0.0,0,0.0
0.0,0,0.0
0.0,0,0.0
0.0,0,0.0
0.0,0,0.0
0.0,0,0.0
0.0,0,0.0
0.0,0,0.0
0.0,0,0.0
0.0,0,0.0
0.0,0,0.0
0.0,0,0.0
0.0,0,0.0
0.0,0,0.0
0.0,0,0.0
0.0,0,0.0
0.0,0,0.0
0.0,0,0.0
0.0,0,0.0
0.0,0,0.0
0.0,0,0.0
0.0,0,0.0
0.0,0,0.0
0.0,0,0.0
0.0,0,0.0
0.0,0,0.0
0.0,0,0.0
0.0,0,0.0
0.0,0,0.0
0.0,0,0.0
0.0,0,0.0
0.0,0,0.0
0.0,0,0.0
0.0,0,0.0
0.0,0,0.0
0.0,0,0.0
0.0,0,0.0
0.0,0,0.0
0.0,0,0.0
0.0,0,0.0
0.0,0,0.0
0.0,0,0.0
0.0,0,0.0
0.0,0,0.0
0.0,0,0.0
0.0,0,0.0
0.0,0,0.0
0.0,0,0.0
0.0,0,0.0
0.0,0,0.0
0.0,0,0.0
0.0,0,0.0
0.0,0,0.0
0.0,0,0.0
0.0,0,0.0
0.0,0,0.0
0.0,0,0.0
0.0,0,0.0
0.0,0,0.0
0.0,0,0.0
0.0,0,0.0
0.0,0,0.0
0.0,0,0.0
0.0,0,0.0
0.0,0,0.0
0.0,0,0.0
0.0,0,0.0
0.0,0,0.0
0.0,0,0.0
0.0,0,0.0
0.0,0,0.0
0.0,0,0.0
0.0,0,0.0
0.0,0,0.0
0.0,0,0.0
0.0,0,0.0
0.0,0,0.0
0.0,0,0.0
0.0,0,0.0
0.0,0,0.0
0.0,0,0.0
0.0,0,0.0
0.0,0,0.0
0.0,0,0.0
0.0,0,0.0
0.0,0,0.0
0.0,0,0.0
0.0,0,0.0
0.0,0,0.0
0.0,0,0.0
0.0,0,0.0
0.0,0,0.0
0.0,0,0.0
0.0,0,0.0
0.0,0,0.0
0.0,0,0.0
0.0,0,0.0
0.0,0,0.0
0.0,0,0.0
0.0,0,0.0
0.0,0,0.0
0.0,0,0.0
0.0,0,0.0
0.0,0,0.0
0.0,0,0.0
0.0,0,0.0
0.0,0,0.0
0.0,0,0.0
0.0,0,0.0
0.0,0,0.0
0.0,0,0.0
0.0,0,0.0
0.0,0,0.0
0.0,0,0.0
0.0,0,0.0
0.0,0,0.0
0.0,0,0.0
0.0,0,0.0
0.0,0,0.0
0.0,0,0.0
0.0,0,0.0
0.0,0,0.0
0.0,0,0.0
0.0,0,0.0
0.0,0,0.0
0.0,0,0.0
0.0,0,0.0
0.0,0,0.0
0.0,0,0.0
0.0,0,0.0
0.0,0,0.0
0.0,0,0.0
0.0,0,0.0
0.0,0,0.0
0.0,0,0.0
0.0,0,0.0
0.0,0,0.0
0.0,0,0.0
0.0,0,0.0
0.0,0,0.0
0.0,0,0.0
0.0,0,0.0
0.0,0,0.0
0.0,0,0.0
0.0,0,0.0
0.0,0,0.0
0.0,0,0.0
0.0,0,0.0
0.0,0,0.0
0.0,0,0.0
0.0,0,0.0
0.0,0,0.0
0.0,0,0.0
0.0,0,0.0
0.0,0,0.0
0.0,0,0.0
0.0,0,0.0
0.0,0,0.0
0.0,0,0.0
0.0,0,0.0
0.0,0,0.0
0.0,0,0.0
0.0,0,0.0
0.0,0,0.0
0.0,0,0.0
0.0,0,0.0
0.0,0,0.0
0.0,0,0.0
0.0,0,0.0
0.0,0,0.0
0.0,0,0.0
0.0,0,0.0
0.0,0,0.0
0.0,0,0.0
0.0,0,0.0
0.0,0,0.0
0.0,0,0.0
0.0,0,0.0
0.0,0,0.0
0.0,0,0.0
0.0,0,0.0
0.0,0,0.0
0.0,0,0.0
0.0,0,0.0
0.0,0,0.0
0.0,0,0.0
0.0,0,0.0
0.0,0,0.0
0.0,0,0.0
0.0,0,0.0
0.0,0,0.0
0.0,0,0.0
0.0,0,0.0
0.0,0,0.0
0.0,0,0.0
0.0,0,0.0
0.0,0,0.0
0.0,0,0.0
0.0,0,0.0
0.0,0,0.0
0.0,0,0.0
0.0,0,0.0
0.0,0,0.0
0.0,0,0.0
0.0,0,0.0
0.0,0,0.0
0.0,0,0.0
0.0,0,0.0
0.0,0,0.0
0.0,0,0.0
0.0,0,0.0
0.0,0,0.0
0.0,0,0.0
0.0,0,0.0
0.0,0,0.0
0.0,0,0.0
0.0,0,0.0
0.0,0,0.0
0.0,0,0.0
0.0,0,0.0
0.0,0,0.0
0.0,0,0.0
0.0,0,0.0
0.0,0,0.0
0.0,0,0.0
0.0,0,0.0
0.0,0,0.0
0.0,0,0.0
0.0,0,0.0
0.0,0,0.0
0.0,0,0.0
0.0,0,0.0
0.0,0,0.0
0.0,0,0.0
0.0,0,0.0
0.0,0,0.0
0.0,0,0.0
0.0,0,0.0
0.0,0,0.0
0.0,0,0.0
0.0,0,0.0
0.0,0,0.0
0.0,0,0.0
0.0,0,0.0
0.0,0,0.0
0.0,0,0.0
0.0,0,0.0
0.0,0,0.0
0.0,0,0.0
0.0,0,0.0
0.0,0,0.0
0.0,0,0.0
0.0,0,0.0
0.0,0,0.0
0.0,0,0.0
0.0,0,0.0
0.0,0,0.0
0.0,0,0.0
0.0,0,0.0
0.0,0,0.0
0.0,0,0.0
0.0,0,0.0
0.0,0,0.0
0.0,0,0.0
0.0,0,0.0
0.0,0,0.0
0.0,0,0.0
0.0,0,0.0
0.0,0,0.0
0.0,0,0.0
0.0,0,0.0
0.0,0,0.0
0.0,0,0.0
0.0,0,0.0
0.0,0,0.0
0.0,0,0.0
0.0,0,0.0
0.0,0,0.0
0.0,0,0.0
0.0,0,0.0
0.0,0,0.0
0.0,0,0.0
0.0,0,0.0
0.0,0,0.0
0.0,0,0.0
0.0,0,0.0
0.0,0,0.0
0.0,0,0.0
0.0,0,0.0
0.0,0,0.0
0.0,0,0.0
0.0,0,0.0
0.0,0,0.0
0.0,0,0.0
0.0,0,0.0
0.0,0,0.0
0.0,0,0.0
0.0,0,0.0
0.0,0,0.0
0.0,0,0.0
0.0,0,0.0
0.0,0,0.0
0.0,0,0.0
0.0,0,0.0
0.0,0,0.0
0.0,0,0.0
0.0,0,0.0
0.0,0,0.0
0.0,0,0.0
0.0,0,0.0
0.0,0,0.0
0.0,0,0.0
0.0,0,0.0
0.0,0,0.0
0.0,0,0.0
0.0,0,0.0
0.0,0,0.0
0.0,0,0.0
0.0,0,0.0
0.0,0,0.0
0.0,0,0.0
0.0,0,0.0
0.0,0,0.0
0.0,0,0.0
0.0,0,0.0
0.0,0,0.0
0.0,0,0.0
0.0,0,0.0
0.0,0,0.0
0.0,0,0.0
0.0,0,0.0
0.0,0,0.0
0.0,0,0.0
0.0,0,0.0
0.0,0,0.0
0.0,0,0.0
0.0,0,0.0
0.0,0,0.0
0.0,0,0.0
0.0,0,0.0
0.0,0,0.0
0.0,0,0.0
0.0,0,0.0
0.0,0,0.0
0.0,0,0.0
0.0,0,0.0
0.0,0,0.0
0.0,0,0.0
0.0,0,0.0
0.0,0,0.0
0.0,0,0.0
0.0,0,0.0
0.0,0,0.0
0.0,0,0.0
0.0,0,0.0
0.0,0,0.0
0.0,0,0.0
0.0,0,0.0
0.0,0,0.0
0.0,0,0.0
0.0,0,0.0
0.0,0,0.0
0.0,0,0.0
0.0,0,0.0
0.0,0,0.0
0.0,0,0.0
0.0,0,0.0
0.0,0,0.0
0.0,0,0.0
0.0,0,0.0
0.0,0,0.0
0.0,0,0.0
0.0,0,0.0
0.0,0,0.0
0.0,0,0.0
0.0,0,0.0
0.0,0,0.0
0.0,0,0.0
0.0,0,0.0
0.0,0,0.0
0.0,0,0.0
0.0,0,0.0
0.0,0,0.0
0.0,0,0.0
0.0,0,0.0
0.0,0,0.0
0.0,0,0.0
0.0,0,0.0
0.0,0,0.0
0.0,0,0.0
0.0,0,0.0
0.0,0,0.0
0.0,0,0.0
0.0,0,0.0
0.0,0,0.0
0.0,0,0.0
0.0,0,0.0
0.0,0,0.0
0.0,0,0.0
0.0,0,0.0
0.0,0,0.0
0.0,0,0.0
0.0,0,0.0
0.0,0,0.0
0.0,0,0.0
0.0,0,0.0
0.0,0,0.0
0.0,0,0.0
0.0,0,0.0
0.0,0,0.0
0.0,0,0.0
0.0,0,0.0
0.0,0,0.0
0.0,0,0.0
0.0,0,0.0
0.0,0,0.0
0.0,0,0.0
0.0,0,0.0
0.0,0,0.0
0.0,0,0.0
0.0,0,0.0
0.0,0,0.0
0.0,0,0.0
0.0,0,0.0
0.0,0,0.0
0.0,0,0.0
0.0,0,0.0
0.0,0,0.0
0.0,0,0.0
0.0,0,0.0
0.0,0,0.0
0.0,0,0.0
0.0,0,0.0
0.0,0,0.0
0.0,0,0.0
0.0,0,0.0
0.0,0,0.0
0.0,0,0.0
0.0,0,0.0
0.0,0,0.0
0.0,0,0.0
0.0,0,0.0
0.0,0,0.0
0.0,0,0.0
0.0,0,0.0
0.0,0,0.0
0.0,0,0.0
0.0,0,0.0
0.0,0,0.0
0.0,0,0.0
0.0,0,0.0
0.0,0,0.0
0.0,0,0.0
0.0,0,0.0
0.0,0,0.0
0.0,0,0.0
0.0,0,0.0
0.0,0,0.0
0.0,0,0.0
0.0,0,0.0
0.0,0,0.0
0.0,0,0.0
0.0,0,0.0
0.0,0,0.0
0.0,0,0.0
0.0,0,0.0
0.0,0,0.0
0.0,0,0.0
0.0,0,0.0
0.0,0,0.0
0.0,0,0.0
0.0,0,0.0
0.0,0,0.0
0.0,0,0.0
0.0,0,0.0
0.0,0,0.0
0.0,0,0.0
0.0,0,0.0
0.0,0,0.0
0.0,0,0.0
0.0,0,0.0
0.0,0,0.0
0.0,0,0.0
0.0,0,0.0
0.0,0,0.0
0.0,0,0.0
0.0,0,0.0
0.0,0,0.0
0.0,0,0.0
0.0,0,0.0
0.0,0,0.0
0.0,0,0.0
0.0,0,0.0
0.0,0,0.0
0.0,0,0.0
0.0,0,0.0
0.0,0,0.0
0.0,0,0.0
0.0,0,0.0
0.0,0,0.0
0.0,0,0.0
0.0,0,0.0
0.0,0,0.0
0.0,0,0.0
0.0,0,0.0
0.0,0,0.0
0.0,0,0.0
0.0,0,0.0
0.0,0,0.0
0.0,0,0.0
0.0,0,0.0
0.0,0,0.0
0.0,0,0.0
0.0,0,0.0
0.0,0,0.0
0.0,0,0.0
0.0,0,0.0
0.0,0,0.0
0.0,0,0.0
0.0,0,0.0
0.0,0,0.0
0.0,0,0.0
0.0,0,0.0
0.0,0,0.0
0.0,0,0.0
0.0,0,0.0
0.0,0,0.0
0.0,0,0.0
0.0,0,0.0
0.0,0,0.0
0.0,0,0.0
0.0,0,0.0
0.0,0,0.0
0.0,0,0.0
0.0,0,0.0
0.0,0,0.0
0.0,0,0.0
0.0,0,0.0
0.0,0,0.0
0.0,0,0.0
0.0,0,0.0
0.0,0,0.0
0.0,0,0.0
0.0,0,0.0
0.0,0,0.0
0.0,0,0.0
0.0,0,0.0
0.0,0,0.0
0.0,0,0.0
0.0,0,0.0
0.0,0,0.0
0.0,0,0.0
0.0,0,0.0
0.0,0,0.0
0.0,0,0.0
0.0,0,0.0
0.0,0,0.0
0.0,0,0.0
0.0,0,0.0
0.0,0,0.0
0.0,0,0.0
0.0,0,0.0
0.0,0,0.0
0.0,0,0.0
0.0,0,0.0
0.0,0,0.0
0.0,0,0.0
0.0,0,0.0
0.0,0,0.0
0.0,0,0.0
0.0,0,0.0
0.0,0,0.0
0.0,0,0.0
0.0,0,0.0
0.0,0,0.0
0.0,0,0.0
0.0,0,0.0
0.0,0,0.0
0.0,0,0.0
0.0,0,0.0
0.0,0,0.0
0.0,0,0.0
0.0,0,0.0
0.0,0,0.0
0.0,0,0.0
0.0,0,0.0
0.0,0,0.0
0.0,0,0.0
0.0,0,0.0
0.0,0,0.0
0.0,0,0.0
0.0,0,0.0
0.0,0,0.0
0.0,0,0.0
0.0,0,0.0
0.0,0,0.0
0.0,0,0.0
0.0,0,0.0
0.0,0,0.0
0.0,0,0.0
0.0,0,0.0
0.0,0,0.0
0.0,0,0.0
0.0,0,0.0
0.0,0,0.0
0.0,0,0.0
0.0,0,0.0
0.0,0,0.0
0.0,0,0.0
0.0,0,0.0
0.0,0,0.0
0.0,0,0.0
0.0,0,0.0
0.0,0,0.0
0.0,0,0.0
0.0,0,0.0
0.0,0,0.0
0.0,0,0.0
0.0,0,0.0
0.0,0,0.0
0.0,0,0.0
0.0,0,0.0
0.0,0,0.0
0.0,0,0.0
0.0,0,0.0
0.0,0,0.0
0.0,0,0.0
0.0,0,0.0
0.0,0,0.0
0.0,0,0.0
0.0,0,0.0
0.0,0,0.0
0.0,0,0.0
0.0,0,0.0
0.0,0,0.0
0.0,0,0.0
0.0,0,0.0
0.0,0,0.0
0.0,0,0.0
0.0,0,0.0
0.0,0,0.0
0.0,0,0.0
0.0,0,0.0
0.0,0,0.0
0.0,0,0.0
0.0,0,0.0
0.0,0,0.0
0.0,0,0.0
0.0,0,0.0
0.0,0,0.0
0.0,0,0.0
0.0,0,0.0
0.0,0,0.0
0.0,0,0.0
0.0,0,0.0
0.0,0,0.0
0.0,0,0.0
0.0,0,0.0
0.0,0,0.0
0.0,0,0.0
0.0,0,0.0
0.0,0,0.0
0.0,0,0.0
0.0,0,0.0
0.0,0,0.0
0.0,0,0.0
0.0,0,0.0
0.0,0,0.0
0.0,0,0.0
0.0,0,0.0
0.0,0,0.0
0.0,0,0.0
0.0,0,0.0
0.0,0,0.0
0.0,0,0.0
0.0,0,0.0
0.0,0,0.0
0.0,0,0.0
0.0,0,0.0
0.0,0,0.0
0.0,0,0.0
0.0,0,0.0
0.0,0,0.0
0.0,0,0.0
0.0,0,0.0
0.0,0,0.0
0.0,0,0.0
0.0,0,0.0
0.0,0,0.0
0.0,0,0.0
0.0,0,0.0
0.0,0,0.0
0.0,0,0.0
0.0,0,0.0
0.0,0,0.0
0.0,0,0.0
0.0,0,0.0
0.0,0,0.0
0.0,0,0.0
0.0,0,0.0
0.0,0,0.0
0.0,0,0.0
0.0,0,0.0
0.0,0,0.0
0.0,0,0.0
0.0,0,0.0
0.0,0,0.0
0.0,0,0.0
0.0,0,0.0
0.0,0,0.0
0.0,0,0.0
0.0,0,0.0
0.0,0,0.0
0.0,0,0.0
0.0,0,0.0
0.0,0,0.0
0.0,0,0.0
0.0,0,0.0
0.0,0,0.0
0.0,0,0.0
0.0,0,0.0
0.0,0,0.0
0.0,0,0.0
0.0,0,0.0
0.0,0,0.0
0.0,0,0.0
0.0,0,0.0
0.0,0,0.0
0.0,0,0.0
0.0,0,0.0
0.0,0,0.0
0.0,0,0.0
0.0,0,0.0
0.0,0,0.0
0.0,0,0.0
0.0,0,0.0
0.0,0,0.0
0.0,0,0.0
0.0,0,0.0
0.0,0,0.0
0.0,0,0.0
0.0,0,0.0
0.0,0,0.0
0.0,0,0.0
0.0,0,0.0
0.0,0,0.0
0.0,0,0.0
0.0,0,0.0
0.0,0,0.0
0.0,0,0.0
0.0,0,0.0
0.0,0,0.0
0.0,0,0.0
0.0,0,0.0
0.0,0,0.0
0.0,0,0.0
0.0,0,0.0
0.0,0,0.0
0.0,0,0.0
0.0,0,0.0
0.0,0,0.0
0.0,0,0.0
0.0,0,0.0
0.0,0,0.0
0.0,0,0.0
0.0,0,0.0
0.0,0,0.0
0.0,0,0.0
0.0,0,0.0
0.0,0,0.0
0.0,0,0.0
0.0,0,0.0
0.0,0,0.0
0.0,0,0.0
0.0,0,0.0
0.0,0,0.0
0.0,0,0.0
0.0,0,0.0
0.0,0,0.0
0.0,0,0.0
0.0,0,0.0
0.0,0,0.0
0.0,0,0.0
0.0,0,0.0
0.0,0,0.0
0.0,0,0.0
0.0,0,0.0
0.0,0,0.0
0.0,0,0.0
0.0,0,0.0
0.0,0,0.0
0.0,0,0.0
0.0,0,0.0
0.0,0,0.0
0.0,0,0.0
0.0,0,0.0
0.0,0,0.0
0.0,0,0.0
0.0,0,0.0
0.0,0,0.0
0.0,0,0.0
0.0,0,0.0
0.0,0,0.0
0.0,0,0.0
0.0,0,0.0
0.0,0,0.0
0.0,0,0.0
0.0,0,0.0
0.0,0,0.0
0.0,0,0.0
0.0,0,0.0
0.0,0,0.0
0.0,0,0.0
0.0,0,0.0
0.0,0,0.0
0.0,0,0.0
0.0,0,0.0
0.0,0,0.0
0.0,0,0.0
0.0,0,0.0
0.0,0,0.0
0.0,0,0.0
0.0,0,0.0
0.0,0,0.0
0.0,0,0.0
0.0,0,0.0
0.0,0,0.0
0.0,0,0.0
0.0,0,0.0
0.0,0,0.0
0.0,0,0.0
0.0,0,0.0
0.0,0,0.0
0.0,0,0.0
0.0,0,0.0
0.0,0,0.0
0.0,0,0.0
0.0,0,0.0
0.0,0,0.0
0.0,0,0.0
0.0,0,0.0
0.0,0,0.0
0.0,0,0.0
0.0,0,0.0
0.0,0,0.0
0.0,0,0.0
0.0,0,0.0
0.0,0,0.0
0.0,0,0.0
0.0,0,0.0
0.0,0,0.0
0.0,0,0.0
0.0,0,0.0
0.0,0,0.0
0.0,0,0.0
0.0,0,0.0
0.0,0,0.0
0.0,0,0.0
0.0,0,0.0
0.0,0,0.0
0.0,0,0.0
0.0,0,0.0
0.0,0,0.0
0.0,0,0.0
0.0,0,0.0
0.0,0,0.0
0.0,0,0.0
0.0,0,0.0
0.0,0,0.0
0.0,0,0.0
0.0,0,0.0
0.0,0,0.0
0.0,0,0.0
0.0,0,0.0
0.0,0,0.0
0.0,0,0.0
0.0,0,0.0
0.0,0,0.0
0.0,0,0.0
0.0,0,0.0
0.0,0,0.0
0.0,0,0.0
0.0,0,0.0
0.0,0,0.0
0.0,0,0.0
0.0,0,0.0
0.0,0,0.0
0.0,0,0.0
0.0,0,0.0
0.0,0,0.0
0.0,0,0.0
0.0,0,0.0
0.0,0,0.0
0.0,0,0.0
0.0,0,0.0
0.0,0,0.0
0.0,0,0.0
0.0,0,0.0
0.0,0,0.0
0.0,0,0.0
0.0,0,0.0
0.0,0,0.0
0.0,0,0.0
0.0,0,0.0
0.0,0,0.0
0.0,0,0.0
0.0,0,0.0
0.0,0,0.0
0.0,0,0.0
0.0,0,0.0
0.0,0,0.0
0.0,0,0.0
0.0,0,0.0
0.0,0,0.0
0.0,0,0.0
0.0,0,0.0
0.0,0,0.0
0.0,0,0.0
0.0,0,0.0
0.0,0,0.0
0.0,0,0.0
0.0,0,0.0
0.0,0,0.0
0.0,0,0.0
0.0,0,0.0
0.0,0,0.0
0.0,0,0.0
0.0,0,0.0
0.0,0,0.0
0.0,0,0.0
0.0,0,0.0
0.0,0,0.0
0.0,0,0.0
0.0,0,0.0
0.0,0,0.0
0.0,0,0.0
0.0,0,0.0
0.0,0,0.0
0.0,0,0.0
0.0,0,0.0
0.0,0,0.0
0.0,0,0.0
0.0,0,0.0
0.0,0,0.0
0.0,0,0.0
0.0,0,0.0
0.0,0,0.0
0.0,0,0.0
0.0,0,0.0
0.0,0,0.0
0.0,0,0.0
0.0,0,0.0
0.0,0,0.0
0.0,0,0.0
0.0,0,0.0
0.0,0,0.0
0.0,0,0.0
0.0,0,0.0
0.0,0,0.0
0.0,0,0.0
0.0,0,0.0
0.0,0,0.0
0.0,0,0.0
0.0,0,0.0
0.0,0,0.0
0.0,0,0.0
0.0,0,0.0
0.0,0,0.0
0.0,0,0.0
0.0,0,0.0
0.0,0,0.0
0.0,0,0.0
0.0,0,0.0
0.0,0,0.0
0.0,0,0.0
0.0,0,0.0
0.0,0,0.0
0.0,0,0.0
0.0,0,0.0
0.0,0,0.0
0.0,0,0.0
0.0,0,0.0
0.0,0,0.0
0.0,0,0.0
0.0,0,0.0
0.0,0,0.0
0.0,0,0.0
0.0,0,0.0
0.0,0,0.0
0.0,0,0.0
0.0,0,0.0
0.0,0,0.0
0.0,0,0.0
0.0,0,0.0
0.0,0,0.0
0.0,0,0.0
0.0,0,0.0
0.0,0,0.0
0.0,0,0.0
0.0,0,0.0
0.0,0,0.0
0.0,0,0.0
0.0,0,0.0
0.0,0,0.0
0.0,0,0.0
0.0,0,0.0
0.0,0,0.0
0.0,0,0.0
0.0,0,0.0
0.0,0,0.0
0.0,0,0.0
0.0,0,0.0
0.0,0,0.0
0.0,0,0.0
0.0,0,0.0
0.0,0,0.0
0.0,0,0.0
0.0,0,0.0
0.0,0,0.0
0.0,0,0.0
0.0,0,0.0
0.0,0,0.0
0.0,0,0.0
0.0,0,0.0
0.0,0,0.0
0.0,0,0.0
0.0,0,0.0
0.0,0,0.0
0.0,0,0.0
0.0,0,0.0
0.0,0,0.0
0.0,0,0.0
0.0,0,0.0
0.0,0,0.0
0.0,0,0.0
0.0,0,0.0
0.0,0,0.0
0.0,0,0.0
0.0,0,0.0
0.0,0,0.0
0.0,0,0.0
0.0,0,0.0
0.0,0,0.0
0.0,0,0.0
0.0,0,0.0
0.0,0,0.0
0.0,0,0.0
0.0,0,0.0
0.0,0,0.0
0.0,0,0.0
0.0,0,0.0
0.0,0,0.0
0.0,0,0.0
0.0,0,0.0
0.0,0,0.0
0.0,0,0.0
0.0,0,0.0
0.0,0,0.0
0.0,0,0.0
0.0,0,0.0
0.0,0,0.0
0.0,0,0.0
0.0,0,0.0
0.0,0,0.0
0.0,0,0.0
0.0,0,0.0
0.0,0,0.0
0.0,0,0.0
0.0,0,0.0
0.0,0,0.0
0.0,0,0.0
0.0,0,0.0
0.0,0,0.0
0.0,0,0.0
0.0,0,0.0
0.0,0,0.0
0.0,0,0.0
0.0,0,0.0
0.0,0,0.0
0.0,0,0.0
0.0,0,0.0
0.0,0,0.0
0.0,0,0.0
0.0,0,0.0
0.0,0,0.0
0.0,0,0.0
0.0,0,0.0
0.0,0,0.0
0.0,0,0.0
